{"cameraMode":{"drawMode":0,"name":"Shaded","section":"Shading Mode"},"sceneLighting":false,"audioPlay":false,"sceneViewState":{"m_AlwaysRefresh":false,"showFog":true,"showSkybox":false,"showFlares":true,"showImageEffects":true,"showParticleSystems":true,"showVisualEffectGraphs":true,"m_FxEnabled":false},"in2DMode":false,"pivot":{"x":384.88116455078127,"y":4.348606586456299,"z":227.8003692626953},"rotation":{"x":-0.0012817999813705683,"y":0.9799840450286865,"z":-0.09312687069177628,"w":-0.1837797313928604},"size":2.5066990852355959,"orthographic":true}