{"cameraMode":{"drawMode":0,"name":"Shaded","section":"Shading Mode"},"sceneLighting":true,"audioPlay":false,"sceneViewState":{"m_AlwaysRefresh":false,"showFog":true,"showSkybox":true,"showFlares":true,"showImageEffects":true,"showParticleSystems":true,"showVisualEffectGraphs":true,"m_FxEnabled":true},"in2DMode":false,"pivot":{"x":363.4907531738281,"y":-14.776756286621094,"z":241.96165466308595},"rotation":{"x":-0.30309149622917178,"y":-0.12617722153663636,"z":0.022263547405600549,"w":-0.9461045861244202},"size":33.83343505859375,"orthographic":true}