{"cameraMode":{"drawMode":0,"name":"Shaded","section":"Shading Mode"},"sceneLighting":true,"audioPlay":false,"sceneViewState":{"m_AlwaysRefresh":false,"showFog":true,"showSkybox":true,"showFlares":true,"showImageEffects":true,"showParticleSystems":true,"showVisualEffectGraphs":true,"m_FxEnabled":true},"in2DMode":false,"pivot":{"x":-6.579686164855957,"y":13.927459716796875,"z":28.549009323120118},"rotation":{"x":0.16447745263576508,"y":0.31659725308418276,"z":0.05586462467908859,"w":-0.932526707649231},"size":8.101568222045899,"orthographic":false}