{"cameraMode":{"drawMode":0,"name":"Shaded","section":"Shading Mode"},"sceneLighting":false,"audioPlay":false,"sceneViewState":{"m_AlwaysRefresh":false,"showFog":true,"showSkybox":false,"showFlares":true,"showImageEffects":true,"showParticleSystems":true,"showVisualEffectGraphs":true,"m_FxEnabled":false},"in2DMode":false,"pivot":{"x":347.6532287597656,"y":4.452630519866943,"z":223.20089721679688},"rotation":{"x":-0.012171931564807892,"y":-0.9968323111534119,"z":0.09206853061914444,"w":0.02219986543059349},"size":2.8013498783111574,"orthographic":true}